word,count
's,15
new,7
season,6
'',6
``,5
أردو,5
بوینت,5
november,4
launch,4
root,3
veggie,3
'back,3
menu,3
others,3
could,3
china,3
export,3
design,3
system,3
week,3
right,3
powerful,3
see,3
photo,3
linked,3
across,3
report,3
government,3
uk,2
market,2
aff,2
coffee,2
machine,2
lift,2
ban,2
nexperia,2
chip,2
power,2
west,2
first,2
snow,2
electric,2
parade,2
fund,2
continues,2
effect,2
two,2
killed,2
injured,2
school,2
arrest,2
khan,2
cement,2
emission,2
every,2
state,2
claim,2
game,2
stock,2
turn,2
material,2
space,2
year,2
highlight,2
culture,2
general,2
hospital,2
russian,2
ukrainian,2
energy,2
facility,2
force,2
raid,2
say,2
crisis,2
north,2
record,2
strong,2
airport,2
sends,2
military,2
near,2
might,2
news,2
picture,2
train,2
line,2
wind,2
south,2
operation,2
five,2
district,2
hyderabad,2
multiple,2
movie,2
trump,2
bros,2
call,2
begin,2
named,2
